{"mean":{"confidence_interval":{"confidence_level":0.95,"lower_bound":20866.64167916668,"upper_bound":20881.926044479198},"point_estimate":20873.77662916666,"standard_error":3.9240758929377746},"median":{"confidence_interval":{"confidence_level":0.95,"lower_bound":20851.512499999997,"upper_bound":20853.139583333334},"point_estimate":20852.439583333333,"standard_error":0.3791256015096147},"median_abs_dev":{"confidence_interval":{"confidence_level":0.95,"lower_bound":10.026082322002535,"upper_bound":11.298647299407655},"point_estimate":10.68398606032295,"standard_error":0.32074786403038985},"slope":null,"std_dev":{"confidence_interval":{"confidence_level":0.95,"lower_bound":84.62203110920231,"upper_bound":158.0029580212916},"point_estimate":123.52024620668924,"standard_error":18.750597131919715}}