{"mean":{"confidence_interval":{"confidence_level":0.95,"lower_bound":2884.6985911092574,"upper_bound":2900.5092190666114},"point_estimate":2891.6032066646208,"standard_error":4.095975668081721},"median":{"confidence_interval":{"confidence_level":0.95,"lower_bound":2870.384533898305,"upper_bound":2871.9318645197914},"point_estimate":2871.177382687494,"standard_error":0.3884639013764234},"median_abs_dev":{"confidence_interval":{"confidence_level":0.95,"lower_bound":6.392162179875283,"upper_bound":9.205735148260013},"point_estimate":7.8162418979983315,"standard_error":0.724564113512866},"slope":{"confidence_interval":{"confidence_level":0.95,"lower_bound":2881.4115758507546,"upper_bound":2886.4062163013978},"point_estimate":2883.761802386519,"standard_error":1.2787483945888125},"std_dev":{"confidence_interval":{"confidence_level":0.95,"lower_bound":48.80816364056775,"upper_bound":193.96743025383003},"point_estimate":129.55284513293742,"standard_error":38.072116876427074}}