{"mean":{"confidence_interval":{"confidence_level":0.95,"lower_bound":21006.58406922268,"upper_bound":21035.623107457963},"point_estimate":21020.116163865514,"standard_error":7.395381678394142},"median":{"confidence_interval":{"confidence_level":0.95,"lower_bound":20931.924369747896,"upper_bound":20934.512605042015},"point_estimate":20932.60294117647,"standard_error":0.7049352474230027},"median_abs_dev":{"confidence_interval":{"confidence_level":0.95,"lower_bound":17.92824674053359,"upper_bound":22.712434890892048},"point_estimate":19.429534949171707,"standard_error":1.2303544560096695},"slope":null,"std_dev":{"confidence_interval":{"confidence_level":0.95,"lower_bound":154.38203243979484,"upper_bound":314.0883181867358},"point_estimate":234.18582372598797,"standard_error":41.19868911300575}}