{"mean":{"confidence_interval":{"confidence_level":0.95,"lower_bound":1543.4714074011,"upper_bound":1548.2480692686788},"point_estimate":1545.6176379332567,"standard_error":1.22379589334902},"median":{"confidence_interval":{"confidence_level":0.95,"lower_bound":1539.4049145874872,"upper_bound":1540.6218722039964},"point_estimate":1540.0536518703168,"standard_error":0.32397213769006594},"median_abs_dev":{"confidence_interval":{"confidence_level":0.95,"lower_bound":4.740499279742161,"upper_bound":5.488397417107638},"point_estimate":5.174539150051076,"standard_error":0.1910175918740054},"slope":{"confidence_interval":{"confidence_level":0.95,"lower_bound":1541.1778529752282,"upper_bound":1542.3495180716077},"point_estimate":1541.7385802481947,"standard_error":0.29997292058644404},"std_dev":{"confidence_interval":{"confidence_level":0.95,"lower_bound":21.64746340716371,"upper_bound":54.15308941047544},"point_estimate":38.756087394677415,"standard_error":8.32933375735276}}